Key,Value
Ent,0.9587387954610733
Cramer Ent,0.9441790109014413
Cramer MI,0.9676321952913166
Theil MI,0.961643510373937
Theil Ent,0.9454672351431939
MI,0.9575616906268964
