Key,Value
Ent,0.6022414121400885
Cramer Ent,0.8181856640354177
Cramer MI,0.9075752843591185
Theil MI,0.8047707639946773
Theil Ent,0.7425407768522619
MI,0.6444489892451458
