Key,Value
Ent,0.7758808256244332
Cramer Ent,0.9069114987882251
Cramer MI,0.9540166709689115
Theil MI,0.8883297405211751
Theil Ent,0.8550432499854415
MI,0.800810328792518
