Key,Value
Ent,0.9059791621553416
Cramer Ent,0.9423675636496444
Cramer MI,0.9603177902133094
Theil MI,0.9681491530057355
Theil Ent,0.9437157783378148
MI,0.9425972694820098
