Key,Value
Ent,0.8305316334707717
Cramer Ent,0.9113337349883874
Cramer MI,0.9028273359972042
Theil MI,0.9193552710747852
Theil Ent,0.894193422152101
MI,0.8862262377958243
