Key,Value
Ent,0.8621564640282027
Cramer Ent,0.8650354072847927
Cramer MI,0.9172880610533231
Theil MI,0.9168683433620518
Theil Ent,0.909390784588382
MI,0.8556511941355048
