Key,Value
Ent,0.8755726924505851
Cramer Ent,0.8905245480193567
Cramer MI,0.9117513757193314
Theil MI,0.920636981684597
Theil Ent,0.9023986636403725
MI,0.8809478777495998
