Key,Value
Deep+,0.7952758636586069
Deep-,0.9684862600302799
HotspotWizard,0.9262760263794859
EV+,0.9789571790481957
Abs(Deep),0.9657183316163683
EV-,0.7618039648056792
