Key,Value
Deep+,0.4195417425226568
Deep-,0.8358480986389579
HotspotWizard,0.7469899425696936
EV+,0.9126588059704926
Abs(Deep),0.8552421887689494
EV-,0.35747839741836
