Key,Value
Ent,0.8815484246045097
Cramer Ent,0.8784860137970519
Cramer MI,0.9206870523744136
Theil MI,0.9058407293544694
Theil Ent,0.9126117318087329
MI,0.894575652122701
