Key,Value
Ent,0.9345408835615081
Cramer Ent,0.9184337566866221
Cramer MI,0.9526071749305651
Theil MI,0.950985995108608
Theil Ent,0.9446323698720119
MI,0.9376499835315182
