Key,Value
Deep+,0.0431151185348023
Deep-,0.44519997516711496
Abs(Deep),0.45023655341475527
