Key,Value
Deep+,0.31664867855957846
Deep-,0.7364967191201552
HotspotWizard,0.6339142093093209
EV+,0.5754206675674147
Abs(Deep),0.7617674008713475
EV-,0.17159388840276685
