Key,Value
Deep+,0.600204606936332
Deep-,0.8014456280410612
HotspotWizard,0.749207608260088
EV+,0.7439983005431183
Abs(Deep),0.8063401793623004
EV-,0.5147266920621137
