Key,Value
Deep+,0.6287090730107793
Deep-,0.7849103412112177
HotspotWizard,0.7307905799816348
EV+,0.7934497391565948
Abs(Deep),0.7888266538323374
EV-,0.6114639000696479
