Key,Value
Deep+,0.34948853500191357
Deep-,0.7270589869993057
HotspotWizard,0.5882526307863829
EV+,0.7952501600262424
Abs(Deep),0.7340800315100313
EV-,0.3318494424258383
