Key,Value
Deep+,0.34313012854954195
Deep-,0.7328758446403053
HotspotWizard,0.6065324426231561
EV+,0.8167627722146581
Abs(Deep),0.7432526626027401
EV-,0.33619313255416855
