Key,Value
Deep+,0.3474905275833201
Deep-,0.7043322338778524
HotspotWizard,0.5901996654378668
EV+,0.8077432195080775
Abs(Deep),0.7001115557933396
EV-,0.32559148215300926
