Key,Value
Deep+,0.8084914071550715
Deep-,0.9207042363281588
HotspotWizard,0.9092129401769459
EV+,0.9208450992940928
Abs(Deep),0.9199456036804919
EV-,0.5256435706803113
