Key,Value
Deep+,0.5578484695532226
Deep-,0.9413165860811964
HotspotWizard,0.9003463668421207
EV+,0.9446905596482541
Abs(Deep),0.9401469790089343
EV-,0.152033516353399
