Key,Value
Ent,0.9366044319605806
Cramer Ent,0.9425860254915328
Cramer MI,0.9092681306335274
Theil MI,0.9462700121898276
Theil Ent,0.9306070253884325
MI,0.9477998301267772
