Key,Value
Ent,0.9569174250215272
Cramer Ent,0.964093033608201
Cramer MI,0.9762385547629631
Theil MI,0.9721002028959571
Theil Ent,0.9716511665205504
MI,0.968030143863288
