Key,Value
Ent,0.6424986750918953
Theil Ent,0.6219771148602787
Cramer Ent,0.6187161730948629
MI,0.7788882712304293
Theil MI,0.7735156033445694
Cramer MI,0.7753249314096705