Key,Value
Deep+,0.25894774335185244
Deep-,0.8025955207065569
HotspotWizard,0.4902231617683844
EV+,0.7916246603404355
Abs(Deep),0.8354485565600581
EV-,0.14454826718862954
