Key,Value
Deep+,0.69283382138945
Deep-,0.9362015184536939
HotspotWizard,0.8239576487380222
EV+,0.9302779337506254
Abs(Deep),0.9523623288508514
EV-,0.582244626891992
