Key,Value
Ent,0.979876683951701
Cramer Ent,0.9694041468410038
Cramer MI,0.9782119990095398
Theil MI,0.9811995597346476
Theil Ent,0.9737502728049431
MI,0.9819005347314339
