Key,Value
Ent,0.9562358462648358
Cramer Ent,0.9425517827576683
Cramer MI,0.965133367240442
Theil MI,0.9617892177720863
Theil Ent,0.9471809396866783
MI,0.9637332716274912
