Key,Value
Ent,0.29259852186453
Cramer Ent,0.3022561109617803
Cramer MI,0.8824489795918368
Theil MI,0.8449816867289129
Theil Ent,0.7615263389656042
MI,0.803790475022664
