Key,Value
Ent,0.2755230009064147
Cramer Ent,0.3328262944083163
Cramer MI,0.7645352004544341
Theil MI,0.8536228830586521
Theil Ent,0.6841138700543913
MI,0.8315698714268178
